id,last_name,first_name
3858110,Vanner,Linda
1435373,Kaspar,David
3517462,James,Paul
2152870,Ryan,Judith
908272,Anderson,Ashley
3481678,Vandehey,Roger
1915095,Spencer,Cathy
2381140,Mcpeak,Jack
1956040,Mildenstein,Patrick
2311294,Cunningham,Gary
3264499,Hall,Carrie
3971342,Randle,Vera
174784,Ellis,Allan
1137937,Holland,Jesse
1431774,Zelinsky,John
3755475,Reyes,Dustin
1339238,Bruno,Susan
3246079,Reed,James
377992,Young,Nancy
2088339,Barksdale,John
124224,Fordham,Pearl
2139095,Davis,John
1065373,Devenport,Brittany
105836,Burkhard,Carla
2311873,Jones,Robert
3908083,Schneider,William
2965595,Cruz,Robert
3273249,Anderson,Suzanne
3125543,Arnold,Brian
1603738,Henderson,Craig
303931,Alway,Daniel
2943884,Cueto,John
1911654,Hutchinson,Linda
843190,Sparks,Jennifer
2426328,Boyce,Kelly
124698,Wright,Elaine
2563947,Tanner,Rodney
3842691,Wise,Sandra
225738,Salcido,Thomas
1363206,Berry,Ashley
3893358,Madrid,Marilyn
2827193,Weiss,Alene
1069295,Ramer,Cheryl
494833,Soderberg,Jennifer
541065,Hardy,Frank
781033,Talley,Cheryl
253457,Laffey,Keren
3175244,Peloquin,Anita
561735,Houston,Bill
577703,Mcghee,Richard
1080581,Buggs,Dorothy
474766,Cheek,Kathleen
3825987,Robertson,Richard
2827682,Joe,Carolyn
1195421,Hammers,Mary
3891328,Jolly,Sarah
896368,Roe,Timothy
2051353,Paulk,Joseph
567713,Parham,Marilyn
2197668,Hajduk,Norman
3183734,Eggen,William
1041479,Ramsey,Ronald
3848293,Halcomb,Robert
3859111,Williams,Anthony
3563774,Slone,Gertrude
2711557,Young,Maryetta
920141,Amann,Roberto
1489968,Kowalski,Jacqueline
3463560,Woodie,Mary
844722,Crosby,William
1129480,Smith,Elizabeth
2533902,Morton,Margaret
1040733,Jenkins,Erica
1694569,Eckhardt,Jose
771459,Forrest,Jose
2695463,Celestin,Clara
3498889,Bhatia,Amy
3901916,Carr,Marie
1277204,Studler,Brenda
3164525,Clement,Denice
864004,Lewis,Krysta
2912443,Carrier,Deborah
3875057,Cox,Anita
3411680,Oliver,David
363050,Mcardle,Amanda
3215289,Conway,June
558255,Thielman,Louis
2513254,Matt,Matthew
562898,Ballesteros,Joel
1788000,Williams,Robert
3179849,Jones,Mildred
3254530,Cuneo,Soledad
1931951,Duhon,Mark
1370847,Haas,Robert
562607,Potter,Christopher
3993270,Lopez,Allen
1077178,Garrido,Cecile
2613046,Shelton,Stacie
409410,Schumaker,Gina
545448,Daniels,Richard
3493090,Quick,Belinda
460203,Yates,Jamie
3320777,Dougherty,Garry
1682893,Landstrom,Elizabeth
2621654,Mosley,Michael
2848018,Swingle,Gerald
2232991,Gant,Janet
3395251,Hammond,Sheila
1319374,Atkinson,Regina
3134113,Rand,Elsie
938407,Dolecki,Andrew
3812537,Whitemore,Tiffany
102111,Jewell,Donna
3737869,Bossler,Sharon
2199996,Hilton,Lori
3207967,Betts,Courtney
1757242,Atkins,Pearl
412895,Tatum,David
948505,Beasley,Sharlene
1705629,Dunn,Elsie
2057630,Young,Edward
3882914,Smith,Richard
3194104,Robinson,Kristen
3917247,Johnson,Darryl
456322,Toth,Dustin
3241239,Poole,Shelly
2880099,Bock,Michael
379719,Parris,Darrel
3072335,Foster,Michelle
1723720,Smith,Don
3448590,Agustin,Corey
3012892,Palmer,Todd
807061,Vranicar,Jeffrey
980071,Smith,Kenneth
894906,Mclaurin,Laurie
2106165,Craig,Robert
3314080,Lamb,Lisa
722035,Lindsey,Brandie
3814723,Atwood,Ramona
876353,Williamson,Sarah
1989061,Gural,David
2304268,Hill,Ressie
3196007,Hamlett,Rebecca
1145227,Seat,Mary
2774465,Shinn,Steven
1733743,Clement,India
3046430,Simmons,George
2448803,Daley,Gary
1352190,Patterson,James
3648959,Kirby,Lora
3075179,Walker,Kenneth
2288004,Welke,Kay
845483,Farrell,Justin
3993680,Kelly,Richard
1498865,Fleming,Todd
807472,Mcdonald,Karla
2488383,Miller,Annette
2006475,Noel,John
2221403,Rodriguez,Amanda
240638,Folsom,Jacqueline
513150,Siders,Calvin
3551905,Valasquez,Susan
726995,Cortez,Emma
3945160,Spohn,Paul
2644696,Howard,Stephen
2177441,Lowe,Leta
111003,Mccarthy,James
3917545,Duffy,James
2196227,Vanner,William
2169553,Bellinger,Penni
3810761,Swanson,Andre
1710723,Simone,Dolores
3210168,Primm,Laura
3403640,Martin,Kenneth
1748705,Cody,Gerald
1459281,Seal,Twana
613141,Douglas,William
1633337,Hafner,Joseph
496873,Greenman,Regina
3571884,Arnold,David
165781,Christen,Virginia
2141587,Gonzalez,Earlean
3557205,Hill,Wilson
3503917,Ortiz,Jennifer
2209008,Glover,Diane
349824,Bourque,Andrew
2645010,Yanez,Cassie
2878126,Young,Ann
1054451,Russell,Diana
1187493,Bufkin,Andrew
1021701,Opp,Allison
3029096,Spears,Ada
1620971,Jimenez,Dennis
3338910,Dupuis,Paul
1893890,Longoria,Glenn
238706,Hensley,Carmen
3776086,Duncan,Margaret
1245669,Dunn,Richard
1613422,Sallade,Charlene
1929015,Price,John
3696955,Chavez,Linda
2417355,Gilpatrick,Anthony
1087146,Gonzalez,James
2950373,Shaw,Frank
2523982,Greco,Randall
1440216,Wood,Mary
2374189,Roberts,Steven
389053,Mcdaniel,Matthew
2122412,Allen,James
1341290,Orona,Dustin
2468801,Meade,William
1386458,Swan,Ronda
2735518,Gerner,Andrea
3600805,Markland,Norman
2614017,Cummings,Lynn
3204205,Smith,Modesta
3402790,Zammetti,Victor
119903,Chase,Pamela
2553604,Mitchell,Neville
733334,Garza,Arnold
136025,Thompson,Zachary
3311352,Park,Herman
2086490,Connor,Maria
3719341,Wilfong,David
3261873,Briggs,Joseph
1967304,Owen,Valerie
3851292,Garza,Diane
909218,Kelsey,Nellie
2147755,Hutson,Rodney
1678683,Valles,Diana
1747604,Gillman,Andres
1552774,Santiago,Cathy
316552,Shields,Alice
3033344,Lane,Jonathan
1673675,Maddox,Sarah
1461579,Rushford,Donna
2806056,Thompson,Vicki
1788487,Williams,Brian
1697125,Hobart,Richard
2462919,Doane,Leola
2283815,Woods,Thomas
1280194,Nicklas,Martha
2890638,Perez,Simon
1863921,Arvan,Harvey
2074878,Kuhn,Theresa
1310453,Coble,Michael
303198,Holman,Edgar
2210354,Gray,Julie
1176289,Krug,Betty
2560747,Villani,Beatrice
2704047,Waller,Lois
774999,Hecht,Manuel
546563,Garrett,Robert
2392465,Good,Elizabeth
248992,Myrick,James
3151151,Strong,Carroll
262398,Schmid,Michael
1830200,Anderson,Osvaldo
2290156,Rabito,Christine
912519,Kohler,Charles
1355853,Stiefel,Alice
2865552,Gookin,Ruth
3281352,Davison,Bobby
1418700,Britt,Melody
2718768,Salles,Andrea
212189,Cox,Janet
2094715,Peacock,Minerva
2189257,Harrison,Jason
2863125,Sanders,Joshua
2936294,Andrade,Ron
2910160,Lea,Wesley
2563912,Kolb,Chad
2656048,Riches,Frank
747409,Freeman,Philip
217654,Marsh,Elaine
3363468,Myles,Douglas
2572736,Craft,Monica
2566538,Gilman,Raul
2829766,Mcmichael,Jonathan
2002391,Tracy,Alyssa
579611,Ware,Caryn
3278815,Little,Fay
1219864,Bower,Timothy
819830,Wiley,Vickie
1934763,Straus,Kimberly
1045268,Rhinehart,Catherine
582565,Eisele,Jerold
2399408,Lee,Rodney
2403454,Gilbert,Jose
2013621,Canales,Eric
1470150,Lopez,Carl
2104948,Davis,Leida
2158064,Warren,Susan
1450260,Bradley,Lianne
869104,Wood,Omar
2301270,Elizondo,Joseph
3247419,Adams,Candace
3656454,Allison,David
1813676,Wilson,Clay
954188,Brown,Clarence
